{"cameraMode":{"drawMode":0,"name":"Shaded","section":"Shading Mode"},"sceneLighting":true,"audioPlay":false,"sceneViewState":{"m_AlwaysRefresh":false,"showFog":true,"showSkybox":true,"showFlares":true,"showImageEffects":true,"showParticleSystems":true,"showVisualEffectGraphs":true,"m_FxEnabled":true},"in2DMode":false,"pivot":{"x":-0.16683398187160493,"y":46.533782958984378,"z":-2.856672763824463},"rotation":{"x":0.5491891503334045,"y":0.003342804964631796,"z":-0.0021967813372612,"w":0.8356896638870239},"size":0.9128901958465576,"orthographic":false}